Toyota,Kendall Toyota-Scion of Alaska,4/9/2008 14:15,,,821 E. 5th Ave.,,Anchorage,AK,99501
GM,Bay Chevrolet,5/23/2006 13:17,112626,,2900 Government Blvd.,,Mobile,AL,36606
GM,Chris Myers Buick GMC,11/1/2007 7:31,116415,,27161 Hwy 98,,Daphne,AL,36526
Mopar,Landers McLarty Dodge Chrysler Jeep,12/4/2013 12:30,,,6533 University Dr,,Huntsville,AL,35806
Mopar,Landers Chrysler Dodge Jeep,12/13/2013 14:29,,,7800 ALCOA RD,,Benton,AR,72019
Toyota,Camelback Toyota,5/8/2008 15:27,,,1550 E. Camelback Rd.,,Phoenix,AZ,85014
Toyota,Hatch Toyota,8/17/2009 12:02,,,1051 N. Automall Parkway,,Show Low,AZ,85901
Toyota,Power Toyota-Scion of Tempe,6/30/2009 11:39,2042,,7970 S. Autoplex Loop,,Tempe,AZ,85284
GM,Freeway Chevrolet,7/23/2008 13:54,178568,,1150 N. 54th St.,,Chandler,AZ,85226
GM,Henry Brown Auto,12/12/2007 12:44,210275,,1550 E. Drivers Way,,Gilbert,AZ,85297
GM,Midway Chevrolet,10/26/2007 17:48,173036,,2323 W. Bell Road,,Phoenix,AZ,85023
GM,Thorobred Chevrolet,1/18/2007 13:21,114680,,2121 North Arizona Avenue,,Chandler,AZ,85225
Mopar,Airpark Dodge Chrysler Jeep Fiat,10/31/2013 11:11,,,7801 E Frank Lloyd Wright Blvd,,Scottsdale,AZ,85260
Mopar,Moore Chrysler Jeep Subaru,2/15/2007 9:49,67858,,8600 West Bell Road,,Peoria,AZ,85382
Ford,Mossy Ford,9/11/2009 16:41,,,4570 Mission Bay Dr,,San Diego,CA,92109
Toyota,Chuck Patterson Toyota-Scion,12/16/2008 11:01,4288,,200 East Ave.,,Chico,CA,95926
Toyota,Elk Grove Toyota,1/23/2008 14:55,4201,,9640 W Stockton Blvd,,Elk Grove,CA,95757
Toyota,Hayward Toyota,7/7/2008 7:57,,,24773 Mission Blvd.,,Hayward,CA,94544
Toyota,Mossy Toyota,12/29/2009 7:15,,,4555 Mission Bay Dr,,San Diego,CA,92109
Toyota,Puente Hills Toyota,5/1/2008 15:02,,,17070 Gale Ave.,,City of Industry,CA,91748
Toyota,Sierra Toyota,4/7/2008 7:57,4335,,43301 12th St. West,,Lancaster,CA,93534
Toyota,Toyota Marin,1/20/2009 9:36,4563,,445 Francisco Blvd. E.,,San Rafael,CA,94901
GM,Chevrolet Cadillac of La Quinta,1/8/2007 12:46,188263,,78611 Highway 111,,La-Quinta,CA,92253
GM,Folsom Chevrolet,12/19/2006 12:54,112187,,12655 Auto Mall Circle,,Folsom,CA,95630
GM,Giant Chevrolet Cadillac,5/26/2006 12:31,112126,,1001 S. BEN MADDOX WAY,,Visalia,CA,93279
GM,Keller Motors,9/5/2007 11:04,111328,,700 W Cadillac Ln,,Hanford,CA,93230
GM,Madera Chevrolet Toyota,12/2/2004 11:35,172566,,1300 Country Club Drive,,Madera,CA,93638
Mopar,Chuck Patterson Dodge,12/16/2008 11:06,,,200 East Ave.,,Chico,CA,95926
Mopar,H. W. Hunter Inc.,2/5/2008 17:08,52979,,1130 Auto Mall Drive,,Lancaster,CA,93534
Mopar,Huntington Beach Chrysler Jeep,1/8/2008 11:48,,,16701 Beach Blvd,,Huntington Beach,CA,92647
Mopar,Jeep Chrysler Dodge of Ontario,12/26/2013 12:54,,,1202 Auto Center Dr,,Ontario,CA,91761
Ford,Medved Ford,10/5/2007 15:41,,,1404 S. Wilcox St.,,Castle Rock,CO,80104
Toyota,Ehrlich Toyota,10/16/2007 14:40,,,4732 West 26th St.,,Greeley,CO,80634
Toyota,Go Toyota,1/8/2008 15:50,5063,,10531 East Arapahoe Road,,Centennial,CO,80112
Toyota,Larry H Miller Boulder Toyota,4/3/2008 17:19,,,2465 48th Court,,Boulder,CO,80301
Toyota,Larry H Miller Liberty Toyota-Scion,4/14/2008 16:18,5059,,5115 New Car Drive,,Colorado Springs,CO,80923
Toyota,Toyota-Scion of Colorado Springs,11/28/2007 16:44,5066,,15 East Motor Way,,Colorado Springs,CO,80905
GM,Daniels Long Chevrolet,9/14/2004 9:12,113026,,670 Automotive Dr.,,Colorado Springs,CO,80906
Mopar,Autonation Chrysler Jeep Dodge Ram Southwest,12/2/2013 11:23,,,7980 West Tufts Avenue,,Littleton,CO,80123
Mopar,Autonation Chrysler Jeep South Broadway,12/2/2013 11:37,,,5445 S Broadway,,Littleton,CO,80121
Mopar,Autonation Chrysler Jeep West,12/2/2013 11:31,,,16300 West Colfax Avenue,,Golden,CO,80401
Mopar,Autonation Dodge Ram Arapahoe,12/2/2013 11:18,,,10743 East Arapahoe Road,,Centennial,CO,80112
Mopar,Brandon Dodge on Broadway,12/24/2013 7:08,,,5600 S Broadway,,Littleton,CO,80121
Mopar,Ft. Collins Chrysler Jeep Dodge,12/31/2013 7:24,,,3835 S College Ave,,Ft. Collins,CO,80525
Mopar,Johnson Auto Plaza,1/2/2014 7:57,,,12410 East 136th Ave,,Brighton,CO,80601
Mopar,Crowley Auto,12/4/2008 11:19,65023,,1461 Farmington Ave.,,Bristol,CT,6010
Mopar,Falveys Motors,10/9/2013 10:49,,,395 W Thames St,,Norwich,CT,6360
Mopar,Gengras CDJ,1/14/2014 15:11,,,460 Connecticut Blvd.,,East Hartford,CT,6108
Mopar,Putnam Chrysler Dodge Jeep,12/5/2013 7:54,,,157 providence pike,,Putnam,CT,6260
Ford,Don Reid Ford,5/3/2010 8:11,,,1875 S Orlando Ave,,Maitland,FL,32751-6668
Ford,Gary Yeomans Ford Lincoln Mazda,9/11/2009 16:13,4790,,1420 N. Tomoka Farms Rd.,,Daytona Beach,FL,32124
Ford,Lakeland Automall,4/11/2010 18:04,,,1430 W Memorial Blvd,,Lakeland,FL,33815
Ford,Maroone Ford of Miami,9/11/2009 16:15,,,16800 N.W. 57th Avenue,,Miami,FL,33015
GM,Autoway Chevrolet of Clearwater,11/16/2005 7:56,114779,,15005 US Highway 19 N,,Clearwater,FL,33764
GM,Bayview Cadillac,11/17/2006 10:37,119045,,1240 North Federal Highway,,Fort Lauderdale,FL,33304
GM,Bill Cramer Chevrolet-Cadillac-BPG,12/9/2005 11:52,114792,,2251 West 23rd Street,,Panama City,FL,32405
GM,Cannon Automotive Group,11/7/2007 10:50,118292,,5210 South Florida Ave.,,Lakeland,FL,33813
GM,Carl’s Buick Pontiac GMC,6/9/2005 10:05,167046,,2445 S.E. Federal Highway,,Stuart,FL,34994
GM,Coggin Chevrolet at the Avenues,1/16/2006 12:49,168823,,10880 Phillips Highway,,Jacksonville,FL,32256
GM,Coggin Pontiac-GMC-Buick of Orange Park,12/16/2005 10:17,184306,,7245 Blanding Blvd.,,Jacksonville,FL,32244
GM,Courtesy Chevrolet - Airport,9/20/2005 14:48,114788,,5600 Lee Vista Blvd.,,Orlando,FL,32812
GM,Danny Len Buick-GMC,1/30/2009 8:04,139415,,17605 US 441,,Mount Dora,FL,32757
GM,Dyer Chevrolet,5/25/2005 10:06,243765,,1000 US Highway 1,,Vero Beach,FL,32960
GM,Ed Morse Sawgrass,7/14/2005 14:29,165673,,14401 West Sunrise Blvd.,,Sunrise,FL,33323
GM,Ferman Chevrolet,4/12/2005 13:14,114764,,43520 US Highway 19 North,,Tarpon Springs,FL,34689
GM,Ferman Chevrolet,11/19/2004 15:57,114718,,9751 Adamo Drive,,Tampa,FL,33619
GM,Ferman Pontiac Buick GMC,6/30/2006 8:09,223286,,24252 State Road 54,,Lutz,FL,33559
GM,"Fields Cadillac, GMC, Pontiac, Buick",1/25/2007 10:42,117844,,19510 Highway 27,,Lake Wales,FL,33853
GM,Grand Prize Chevrolet,10/26/2007 9:28,114794,,11701 SW 152 St.,,Miami,FL,33177
GM,Jack Wilson Chevrolet,2/16/2007 7:46,114721,,2255 US 1 South,,St. Augustine,FL,32086
GM,Jon Hall Chevrolet,4/5/2006 10:18,114760,,551 North Nova Road,,Daytona Beach,FL,32114
GM,New Smyrna Chevrolet,12/16/2004 10:06,192062,,1919 N. Dixie Freeway,,New Smyrna Beach,FL,32168
GM,Nimnicht Auto,9/21/2004 9:56,190917,,1550 Cassat Ave / 11503 Philips Highway,,Jacksonville,FL,32218
GM,Pasco Chevrolet Buick GMC,4/11/2006 9:14,116312,,14341 7th Street,,Dade City,FL,33523
GM,Pete Moore Chevrolet,6/14/2007 8:49,112629,,103 New Warrington rd.,,Pensacola,FL,32506
GM,Plaza Cadillac,2/25/2005 7:43,132763,,8893 US Highway 441,,Leesburg,FL,34788
GM,Ritchey Cadillac Buick Pontiac GMC,12/13/2006 8:34,114760,,932 North Nova Road,,Daytona Beach,FL,32117
GM,Schumacher Automotive,5/12/2005 10:52,160075,,3720 North Lake Blvd.,,Lake Park,FL,33403
GM,Stingray Chevrolet,3/15/2005 11:34,255691,,2002 N. Frontage Rd.,,Plant City,FL,33563
GM,Stingray Chevrolet Bartow,2/11/2005 7:55,114778,,1475 West Main Street,,Bartow,FL,33830
GM,Vann Gannaway Chevrolet,4/14/2005 7:06,114710,,2200 E. Burleigh Blvd.,,Eustis,FL,32726
GM,Williamson Cadillac Hummer,4/12/2007 15:48,119048,,7815 SW 104th Street,,Miami,FL,33156
Mopar,Arrigo Dodge Chrysler Jeep,10/31/2013 13:53,,,5851 S US Hwy 1,,Ft Pierce,FL,34982
Mopar,Arrigo Dodge Chrysler Jeep,10/31/2013 13:54,,,6500 Okeechobee Blvd,,West Palm Beach,FL,33411
Mopar,Arrigo Dodge Chrysler Jeep,10/31/2013 13:56,,,5901 Madison Ave,,Tamarac,FL,33321
Mopar,Delray Motors,10/25/2013 14:01,,,2102 S Federal Highway,,Delray Beach,FL,33483
Mopar,Ferman Chrysler-Jeep-Dodge of Cypress Creek,11/14/2007 8:57,60348,,24314 State Road 54,,Lutz,FL,33559
Mopar,Gator Chrysler Dodge Jeep Fiat,6/27/2007 14:52,64977,,840 S. Harbor City Blvd,,Melbourne,FL,32901
GM,Nash Chevrolet Co.,4/7/2006 11:18,112519,,630 Scenic Highway,,Lawrenceville,GA,30045
GM,NeSmith Chevrolet,2/23/2006 9:12,112580,,7334 Highway 280 West,,Claxton,GA,30417
GM,Prince Automotive of Valdosta,10/19/2007 9:35,159183,,4550 N. Valdosta Rd.,,Valdosta,GA,31602
GM,Rincon Chevrolet,2/10/2006 11:02,112591,,5480 Highway 21 South,,Rincon,GA,31326
Mopar,Troncalli Chrysler Jeep Dodge,3/22/2007 10:34,,,818 Atlanta Hwy.,,Cumming,GA,30040
GM,JN Automotive Group,6/27/2008 11:39,112209,,2999 N. Nimitz Hwy,,Honolulu,HI,96819
Toyota,Toyota of Des Moines,8/6/2008 12:44,14044,,4475 Merle Hay Rd.,,Des Moines,IA,50310
GM,Karl Chevrolet,4/30/2004 8:19,111928,,1101 SE Oralabor Road,,Ankeny,IA,50021
GM,Pella Motors Inc.,4/16/2008 10:27,236315,,604 E. Oskaloosa Street,,Pella,IA,50219
GM,Shottenkirk Chevrolet Waukee,4/11/2007 9:54,205567,,755 Highway 6,,Waukee,IA,50263
GM,Shottenkirk GM Giant,5/9/2005 7:02,111411,,Highway 61 West,,Fort Madison,IA,52627
GM,Shottenkirk of Mt. Pleasant,4/10/2007 14:07,224858,,2301 East Washington,,Mt. Pleasant,IA,52641
GM,Woodhouse Chevrolet-Buick-Pontiac,12/7/2007 9:02,246150,,1951 Hwy 30,,Missouri Valley,IA,51555
Mopar,Pat McGrath Dodge Country,11/25/2013 12:54,,,4610 Center Point Rd NE,,Cedar Rapids,IA,52402
Mopar,Shottenkirk CDJ (Mt. Pleasant),11/6/2007 13:14,,,2301 E. Washington,,Mt. Pleasant,IA,52641
Mopar,Stew Hansens Dodge City Inc.,1/8/2014 15:38,,,12103 Hickman Rd.,,Des Moines,IA,50323-1801
Toyota,Peterson Autoplex,5/12/2008 11:34,,,9101 W. Fairview Ave.,,Boise,ID,83704
GM,Erickson Pontiac-GMC,11/26/2007 14:44,116829,,890 W. Main St.,,Rexburg,ID,83440
Mopar,Ron Sayer Dodge,10/15/2013 10:10,,,490 Northgate Mile,,Idaho Falls,ID,83401-2540
Toyota,Dave Mungenast Alton Toyota,2/9/2009 11:10,12112,,850 Homer Adams Pkwy.,,Alton,IL,62002
Toyota,Lombard Toyota,3/6/2009 11:26,,,725 W. Roosevelt Rd.,,Lombard,IL,60148
GM,Apple Chevrolet,5/21/2004 14:52,113171,,8585 West 159th Street,,Tinley Park,IL,60477
GM,Dick Wickstrom Chevrolet,5/1/2007 12:44,113213,,555 E. Irving Park Road,,Roselle,IL,60172
GM,Friendly Chevrolet (Springfield),11/20/2007 9:11,113397,,2540 Prairie Crossing Dr.,,Springfield,IL,62711
GM,Gary Lang Auto Group,11/3/2005 10:10,113251,,1107 South Route 31,,McHenry,IL,60050
GM,Lemans Chevrolet City,1/10/2008 11:02,169623,,1602 Morrissey Drive,,Bloomington,IL,61704
GM,"Miles Chevrolet, Inc.",1/6/2005 16:55,113267,,150 W. Pershing Road,,Decatur,IL,62626
GM,Rock Chevrolet,6/29/2009 10:57,,,1000 E. Belvidere Rd.,,Grayslake,IL,60030
GM,Roger Jennings,6/15/2007 11:40,116516,,1617 Vandalia Road,,Hillsboro,IL,62049
GM,Shottenkirk Chevrolet Quincy,5/9/2007 13:29,199757,,24th & Locust,,Quincy,IL,62301
GM,Smoky Jennings,5/9/2007 9:04,111345,,152 North Main St,,Palmyra,IL,62674
GM,Weber Granite City,6/26/2007 7:40,111334,,3499 Progress Pkwy,,Granite City,IL,62040
Mopar,Fields Jeep,10/15/2013 12:05,,,670 W Frontage Dr,,Northfield,IL,60093
Mopar,Zeigler Chrysler Dodge Jeep,11/26/2013 10:11,,,208 W Golf Rd,,Schaumburg,IL,60195
Toyota,Ed Martin Toyota,6/1/2007 10:04,,,5500 Scatterfield Road,,Anderson,IN,46013
Toyota,Kenny Kent Toyota,3/5/2010 11:05,,,5600 East Division St,,Evansville,IN,47715
Toyota,Uebelhor Toyota,3/2/2007 8:54,,,788 12th Avenue,,Jasper,IN,47546
GM,Penske Chevrolet,4/24/2007 10:51,112923,,3210 East 96th Street,,Indianapolis,IN,46240
GM,Ray Skillman GMC,1/8/2008 8:53,117271,,8424 US Highway 31 South,,Indianapolis,IN,46227
GM,Sam Pierce Chevrolet,9/12/2007 8:03,112932,,PO Box 565,,Daleville,IN,47334
GM,Stoops Buick-GMC Inc.,2/4/2008 14:31,118440,,1251 Quaker Blvd.,,Plainfield,IN,46168
GM,Uebelhor & Sons,1/17/2007 12:28,111467,,972 Wernsing Road,,Jasper,IN,47546
Mopar,Tom O'Brien Chrysler Jeep Dodge Ram,10/10/2013 8:06,,,750 US 31 N,,Greenwood,IN,46142
Toyota,Crown Toyota-Scion,10/2/2008 14:15,15051,,3430 S. Iowa St.,,Lawrence,KS,66046
Toyota,Hendrick Toyota,8/1/2008 7:46,15047,,9505 W 67th St,,Merriam,KS,66203
Toyota,Lewis Toyota-Scion,9/30/2008 17:07,15010,,2951 SW Fairlawn Rd.,,Topeka,KS,66614
GM,Dale Willey Automotive,5/18/2007 14:40,116167,,2840 Iowa St,,Lawrence,KS,66046
GM,Ed Bozarth Chevrolet (Topeka),6/5/2007 13:45,111875,,3731 S Topeka Blvd,,Topeka,KS,66609
GM,McCarthy-Morse Chevrolet,12/11/2006 9:48,111835,,9201 Metcalf,,Overland Park,KS,66212
GM,Scholfield Brothers Inc.,9/28/2007 10:13,116183,,7633 East Kellogg Dr.,,Wichita,KS,67207
Ford,Mike Castrucci Ford Lincoln Mercury of Alexandria,4/22/2010 7:59,,,7400 Alexandria Pike,,Alexandria,KY,41001
Ford,Moore Ford,8/2/2006 9:38,,,1201 South Main Street,,Hartford,KY,42347
Toyota,Don Moore Toyota,2/20/2007 8:12,,,4216 Frederica Street,,Owensboro,KY,42301
Toyota,Green's Toyota of Lexington,3/31/2009 10:06,,,630 E. New Circle Rd.,,Lexington,KY,40505
Toyota,Toyota South,2/2/2009 10:06,16049,,961 Four Mile Rd.,,Richmond,KY,40475
GM,Don Moore Chevrolet-Cadillac,8/7/2006 10:57,111482,,3232 Villa Point,,Owensboro,KY,42303
Mopar,Moore Chrysler Dodge Jeep,8/2/2006 9:37,,,1201 South Main Street,,Hartford,KY,42347
Mopar,Oxmoor Chrysler,10/30/2013 10:33,,,4520 Shelbyville Rd,,Louisville,KY,40207
GM,Brian Harris Chevrolet,8/29/2006 10:45,114280,,15015 Florida Blvd.,,Baton Rouge,LA,70819
GM,Courtesy GMC Pontiac Buick,11/15/2006 10:05,119662,,4750 Johnston Street,,Lafayette,LA,70503
GM,Don Bohn Buick Pontiac GMC,8/9/2007 10:38,116665,,3801 LaPalco Blvd,,Harvey,LA,70058
GM,"Golden Motors, Inc.",4/18/2007 14:39,114298,,15101 Hwy. 3235,,Cut Off,LA,70345
GM,Mossy Motors,6/19/2007 16:28,117618,,1331 S Broad St,,New Orleans,LA,70125
Mopar,Sterling Automotive,12/18/2013 7:39,,,5504 I-49 N Service Rd,,Opelousas,LA,70570
Ford,Colonial Ford of Plymouth,5/10/2013 8:37,,,147 Samoset Street,,Plymouth,MA,2360
Toyota,Toyota of Watertown,10/1/2008 13:02,,,149 Arsenal St.,,Watertown,MA,2472
GM,Colonial West Chevrolet,6/17/2008 13:02,172128,,314 John Fitch Highway,,Fitchburg,MA,1420
GM,Herb Connolly Chevrolet,9/15/2006 10:19,117930,,350 Worcester Road,,Framingham,MA,1702
GM,Imperial Chevrolet,12/3/2007 9:09,114966,,154 E. Main St.,,Milford,MA,1757
GM,Moore GMC Truck Inc,7/13/2007 10:55,119279,,80 High St,,Danvers,MA,1923
GM,Robertsons GMC Truck,9/29/2007 11:21,119291,,2680 Cranberry Highway,,Wareham,MA,2571
Mopar,Clark Chrysler Jeep Dodge Ram,1/2/2014 7:59,,,175 Pelham St,,Methuen,MA,1844
Ford,Preston Ford Lincoln Mercury,6/15/2007 13:16,25,,4313 Preston Rd.,,Hurlock,MD,21643
Toyota,Lakeforest Toyota,7/8/2008 10:24,19052,,907 N. Frederick Ave.,,Gaithersburg,MD,20879
GM,Criswell Chevrolet,1/23/2008 9:54,113713,,503 Quince Orchard Rd,,Gaithersburg,MD,20878
GM,Fitzgerald Auto Mall (Rockville),12/17/2007 12:58,130631,,5501 Nicholson Lane,,Rockville,MD,20852
GM,Fitzgerald Cadillac of Annapolis,9/22/2008 12:11,117038,,34 Hudson St.,,Annapolis,MD,21401
GM,Ourisman Chevrolet,11/30/2006 7:44,113708,,4400 Branch Avenue,,Marlow Heights,MD,20748
Mopar,Fitzgerald Lexington Park Auto Mall,1/21/2011 13:20,,,22231 Three Notch Rd (Rt. 235),,Lexington Park,MD,20653
Mopar,Thompson Chrysler Jeep Dodge,10/29/2013 16:21,,,124 North Point Blvd.,,Baltimore,MD,21224
Mopar,Thompson Jeep of Edgewood,11/7/2013 7:32,,,1102 Business Center Way,,Edgewood,MD,21040
GM,Goodwin Chevrolet-Mazda,9/26/2007 14:47,114990,,P O BOX 160,,Brunswick,ME,4011
Mopar,Lee Dodge Chrysler Jeep,11/1/2013 15:50,,,200 Main St.,,Westbrook,ME,4092
Ford,Village Ford,4/1/2010 7:02,,,23535 Michigan Ave,,Dearborn,MI,48124
Toyota,LaFontaine Toyota,11/5/2010 7:18,,,2027 S Telegraph,,Dearborn,MI,48124
Toyota,Metro Imports Inc.,7/31/2008 16:36,21072,,5850 Stadium Dr.,,Kalamazoo,MI,49009
GM,Al Serra Auto Plaza,10/10/2005 8:41,142546,,G-6201 South Saginaw Street,,Grand Blanc,MI,48439
GM,Graff Chevrolet of Bay City,3/22/2007 9:44,115151,,3636 East Wilder Road,,Bay City,MI,48706
GM,Hank Graff Chevrolet,9/24/2008 8:09,115165,,800 N. State Rd.,,Davison,MI,48423
GM,LaFontaine Chevrolet,2/14/2006 11:11,212287,,7120 Dexter-Ann Arbor Road,,Dexter,MI,48130
GM,Serra Buick Pontiac GMC Cadillac,2/7/2008 7:52,221914,,12300 30 Mile Rd,,Washington,MI,48095
GM,Team One Chevrolet,1/15/2007 9:49,115141,,1616 Lansing Road,,Charlotte,MI,48813
GM,Tyler Automotive Inc.,7/17/2006 10:02,113390,,1810 S. 11th Street,,Niles,MI,49120
Mopar,Bill Marsh Motors,10/31/2013 15:10,,,1655 S. Garfield Ave.,,Traverse City,MI,49686
Mopar,Crown Chrysler Dodge Jeep,10/16/2013 16:53,,,1127 Central Ave,,Holland,MI,49423-7723
Mopar,Galeanas Van Dyke Dodge,10/23/2013 13:04,,,28400 Van Dyke Ave,,Warren,MI,48093
Mopar,Jim Riehls Chrysler Jeep,11/8/2013 10:39,,,32889 Van Dyke Ave,,Warren,MI,48093
Mopar,Jim Riehls Friendly Chrysler,10/31/2013 14:34,,,1515 S. Lapeer Rd.,,Lapeer,MI,48446
Mopar,K&M Northfield Dodge,10/31/2013 16:23,,,4100 Plainfield Ave NE,,Grand Rapids,MI,49525
Ford,Inver Grove Ford,9/23/2009 14:50,9179,,4725 S. Robert Trail,,Inver Grove Heights,MN,55077
Toyota,Lake Country Toyota,1/27/2010 11:01,,,7036 Lake Forest Rd,,Baxter,MN,56425
Toyota,Walser Toyota,9/14/2007 13:10,,,4401 American Blvd W,,Bloomington,MN,55437
GM,Miller Pontiac-Buick-GMC Inc.,1/18/2008 13:33,116247,,2900 2nd St South,,St. Cloud,MN,56301
GM,Stillwater Motor Company,9/11/2007 14:36,111589,,5900 Stillwater Blvd. N.,,Stillwater,MN,55082
GM,Viking Buick-GMC,9/17/2007 9:56,117439,,4646 Hwy 52 North,,Rochester,MN,55901
GM,Walser Buick Pontiac GMC,1/6/2005 14:29,118602,,4601 American Blvd,,Bloomington,MN,55437
Mopar,Bloomington Chrysler Jeep Dodge,1/21/2011 7:57,,,8000 PENN AVE SO,,BLOOMINGTON,MN,55431
Mopar,Dodge of Burnsville,11/11/2013 13:43,,,12101 35W South,,Burnsville,MN,55337
Mopar,John Hirsch's Cambridge Motors,5/29/2008 16:28,,,700 S. Garfield St.,,Cambridge,MN,55008
Mopar,Park Chrysler Jeep,1/3/2014 7:32,,,1408 W Hwy 13,,Burnsville,MN,55337
Mopar,Walser Chrysler Jeep Dodge,9/14/2007 13:11,,,314 Main Street,,Hopkins,MN,55343
Toyota,Joe Machens Toyota-Scion,9/25/2008 15:07,,,900 Bernadette Dr.,,Columbia,MO,65203
Toyota,Riley Toyota,2/18/2009 7:46,24060,,PO BOX 6937,,Jefferson City,MO,65102
GM,Cable Dahmer Chevrolet,7/13/2005 9:35,191988,,1834 S. Noland Road,,Independence,MO,64055
GM,City Chevrolet LLC,5/24/2007 14:34,231232,,555 West 103rd St,,Kansas City,MO,64114
GM,Elco Chevrolet,7/19/2006 13:38,111304,,15110 Manchester Road,,Ballwin,MO,63011
GM,Hendrick Buick GMC Cadillac,7/6/2007 10:55,118579,,1151 W 104th,,Kansas City,MO,64114
GM,John Londoff Chevrolet,7/12/2007 16:07,111331,,1375 Dunn Road,,Florissant,MO,63031
GM,Randy Reed Buick GMC,6/14/2007 9:19,118581,,9550 N.W. Prairie View Rd.,,Kansas City,MO,64153
GM,Van Chevrolet Cadillac,4/5/2006 9:24,111827,,100 NW Vivion Road,,Kansas City,MO,64118
GM,W-K Chevrolet Buick GMC Cadillac,8/30/2006 7:34,167363,,3310 W. Broadway Blvd.,,Sedalia,MO,65301
GM,Nelson Hall Chevrolet Cadillac,2/25/2009 9:40,132786,,1811 South Frontage Rd.,,Meridian,MS,39302
Toyota,City Toyota,2/20/2007 8:12,,,3900 10th Avenue South,,Great Falls,MT,59405
GM,City Motor Co.,12/28/2005 8:56,113092,,3900 10th Avenue South,,Great Falls,MT,59405
GM,Ressler Motors,10/14/2005 12:24,165361,,P.O. Box 400,,Bozeman,MT,59771-0400
GM,Rimrock Pontiac Cadillac GMC,10/21/2005 10:30,163915,,324 So. 24 Street West,,Billings,MT,59102
GM,Bob King Buick-GMC Inc.,10/20/2006 14:16,115718,,5115 New Centre Drive,,Wilmington,NC,28403
GM,Flow Automotive,1/9/2004 11:18,114096,,1400 S.Stratford Rd,,Winston-Salem,NC,27103
GM,Hendrick Cadillac Hummer,1/20/2006 16:08,213549,,101 Team Hendrick Way,,Cary,NC,27511
GM,Hendrick Chevrolet,4/9/2007 10:17,227370,,3112 Highway 74 West,,Monroe,NC,28110
GM,Hendrick Durham Auto Mall,1/11/2007 13:10,113968,,409 South Roxboro Street,,Durham,NC,27701
GM,Jeff Gordon Chevrolet,3/20/2007 12:04,163036,,228 S COLLEGE RD,,WILMINGTON,NC,28403
GM,Marine Chevrolet Cadillac,2/27/2007 11:04,161031,,1408 Western Blvd.,,Jacksonville,NC,28546
GM,Moore Buick Pontiac GMC,11/17/2006 9:51,118218,,2445 North Marine Blvd.,,Jacksonville,NC,28546
GM,"Powers-Swain Chevrolet, Inc.",11/29/2006 9:04,114095,,4709 Bragg Blvd.,,Fayetteville,NC,28303
GM,Terry LaBonte Chevrolet,4/12/2007 10:33,114069,,1401 Bridford Pkwy.,,Greensboro,NC,27407
GM,Trent Cadillac GMC Buick,3/22/2007 11:01,117511,,1707 Hwy. 70 East,,New Bern,NC,28560
Mopar,Autopark Chrysler Jeep,2/10/2014 14:25,,,400 Auto Park Rd,,Cary,NC,27511
Mopar,Crown Chrysler Dodge,11/21/2006 11:45,,,3607 W. Wendover Avenue,,Greensboro,NC,27407
Mopar,Deacon Jones Chrysler Jeep Dodge,10/24/2013 11:01,,,1109 n brightleaf blvd,,Smithfield,NC,27577
Mopar,Leith Chrysler Jeep,2/10/2014 14:06,,,5500 Capital Blvd,,Raleigh,NC,27616
GM,Gateway Chevrolet Cadillac Nissan Hyundai,9/19/2007 14:07,173280,,501 38th St. S,,Fargo,ND,58103
GM,Luther Family Buick GMC,5/26/2006 10:06,196831,,3202 36th Street South,,Fargo,ND,58104
GM,Rydell GM Auto Center,12/14/2007 10:58,111708,,2700 S. Washington St.,,Grand Forks,ND,58201
GM,Tom Dinsdale Automotive,5/22/2007 11:07,196591,,3312 W Stolley Park Rd,,Grand Island,NE,68803
GM,Tonniges Chevrolet,8/13/2007 10:53,112040,,414 Nebraska St.,,Osceola,NE,68651
Mopar,Baxter Chrysler Jeep Dodge,2/28/2014 13:52,,,17950 Burt St,,Omaha,NE,68118
GM,Banks Chevrolet Cadillac Buick GMC Truck,2/14/2008 8:57,532033,,137 Manchester St.,,Concord,NH,3301
GM,Holloway Buick GMC Cadillac,4/16/2007 7:37,115437,,500 Rte. 1 Bypass,,Portsmouth,NH,3801
GM,Littleton Chevrolet,6/24/2008 9:32,115016,,851 Meadow St.,,Littleton,NH,3561
Mopar,Keene Chrysler-Jeep-Dodge-RAM,9/11/2008 11:52,65146,,410 Winchester St.,,Keene,NH,3431
GM,Englewood Auto Group,5/28/2008 15:17,164830,,386 Grand Ave.,,Englewood,NJ,7631
GM,Norman Gale Buick Pontiac GMC,2/8/2007 10:40,116921,,1247 Route 10 East,,Cedar Knolls,NJ,7927
GM,Union Pontiac GMC Buick,7/9/2007 12:55,158544,,2301 Rt 22 West,,Union,NJ,7083
Mopar,Franklin Sussex Auto Mall,12/10/2013 14:46,,,315 Route 23,,Sussex,NJ,7461
Mopar,Fullerton Chrysler Jeep Dodge,10/31/2013 13:14,,,1050 US Highway 22 PO box 718,,Somerville,NJ,8876
Mopar,Johnson Dodge Chrysler Jeep Ram,10/22/2013 11:14,,,PO Box 488,,Hackettstown,NJ,7840
Toyota,Desert Sun Motor Co.,6/10/2008 12:35,,,2600 N. White Sands Blvd.,,Alamogordo,NM,88310
GM,Desert Sun Motors- Alamogordo,6/10/2008 12:29,112351,,2600 N. White Sands Blvd.,,Alamogordo,NM,88310
GM,Desert Sun Motors- Roswell,7/29/2008 13:18,181417,,2601 W. 2nd,,Roswell,NM,88201
Toyota,Findlay Toyota,5/27/2009 11:20,27020,,7733 Eastgate Rd.,,Henderson,NV,89011
GM,Riverton Elko GM Superstore,7/1/2004 12:33,172227,,3750 E. Idaho Street,,Elko,NV,89801
Toyota,Fox Toyota Subaru,2/27/2007 7:36,,,188 Grant Avenue,,Auburn,NY,13021
Toyota,Gault Toyota,2/21/2008 15:48,31113,,2507 North St.,,Endicott,NY,13760
GM,Bresee,4/6/2004 10:42,115272,,604 Old Liverpool Rd,,Liverpool,NY,13088
GM,Buzz Chew,5/27/2004 14:29,111255,,656 County Road 39A,,South Hampton,NY,11968
GM,Country Club Motors,5/11/2007 15:12,115331,,70 Oneida St,,Oneonta,NY,13820
GM,Eagle Chevrolet,3/5/2009 9:01,,,1330 Old Country Road,,Riverhead,NY,11901
GM,Elm Chevrolet,5/19/2004 8:27,115361,,301 E. Church Street,,Elmira,NY,14901
GM,Fay Motors Inc.,4/28/2008 15:57,115807,,10 Willow St.,,Massena,NY,13662
GM,Frenchie's Chevrolet Inc.,2/26/2007 10:07,115289,,255 East Orvis Street,,Massena,NY,13662
GM,Jim Barnard Chevrolet,8/22/2008 12:31,548041,,7101 Buffalo Road,,Churchville,NY,14428
GM,King O'Rourke Auto Group,12/2/2005 13:36,119091,,756 Route 347,,Smithtown,NY,11787
GM,The Matthews Auto Group,1/8/2007 10:29,115815,,3721 Old Vestal Rd,,Vestal,NY,13850
GM,Towne Buick-Hummer,10/30/2007 10:19,118124,,5411 Transit Rd.,,Williamsville,NY,14221
Mopar,Croton Auto Park,10/24/2013 11:00,,,1 Municipal Place,,Croton-On-Hudson,NY,10520
Mopar,Fox Chrysler Dodge Jeep Ram.,3/15/2006 11:58,,,346 Grant Avenue,,Auburn,NY,13021
Mopar,Westbury Jeep Chrysler Dodge,10/16/2013 12:28,,,100 Jericho Turnpike,,Jericho,NY,11753
Mopar,White Plains Chrysler Jeep Dodge,10/30/2013 15:35,,,70 Westchester Avenue,,White Plains,NY,10601
Ford,Classic Ford,12/8/2009 9:12,,,8460 Tyler Blvd.,,Mentor,OH,44060
Ford,Graham Automall,11/7/2006 9:44,,,1515 West Fourth Street,,Mansfield,OH,44909
Ford,Krieger Ford,9/14/2009 7:41,,,1800 Morse Road,,Columbus,OH,43229
Ford,Preston Cars,1/20/2006 13:48,4379,,13580 W. Center Street,,Burton,OH,44021
Ford,Ricart Ford,10/6/2009 14:15,,,4255 S Hamilton Rd,,Groveport,OH,43125
Toyota,LaRiche Toyota Subaru,8/17/2009 15:14,34088,,920 Plaza St.,,Findlay,OH,45840
GM,Bob Ross Buick GMC,1/21/2005 7:20,118416,,85 Loop Road,,Centerville,OH,45459
GM,Byers Dublin Chevrolet,3/1/2007 10:18,113013,,6801 Village Parkway,,Dublin,OH,43017
GM,Classic Buick Pontiac GMC,3/19/2007 10:00,117144,,1700 Mentor Ave.,,Painesville,OH,44077
GM,Classic Chevrolet,3/1/2007 8:01,113600,,6877 Center Street,,Mentor,OH,44060
GM,Dave Gill Chevrolet,1/16/2007 9:10,115996,,4700 East Broad Street,,Columbus,OH,43213
GM,Graham Automall,11/7/2006 9:44,113597,,1515 West Fourth Street,,Mansfield,OH,44906
GM,"Greenwood Chevrolet-Hummer, Inc.",1/12/2007 10:11,,,4695 Mahoning Avenue,,Austintown,OH,44515
GM,Haydocy Automotive,1/26/2006 9:53,115998,,3895 West Broad Street,,Columbus,OH,43228
GM,Jack Maxton Chevrolet,1/3/2008 8:46,112796,,700 E Dublin Granville Rd,,Worthington,OH,43085
GM,Jake Sweeney Chevrolet,1/18/2006 9:20,112838,,33 West Kemper Road,,Cincinnati,OH,45246
GM,Langs Chevrolet,2/7/2004 11:18,112793,,635 Orchard Lane @ Rt. 35,,Beavercreek,OH,45434
GM,Lash Chevrolet,4/5/2007 13:21,216446,,755 West Coshocton Street,,Johnstown,OH,43031
GM,Pat O'Brien Chevrolet,4/3/2007 7:49,213268,,2810 Bishop Rd,,Willoughby Hills,OH,44092
GM,Sweeney Chevrolet Buick GMC,2/2/2006 11:07,207590,,8010 Market Street,,Youngstown,OH,44512
GM,Tom Ahl Buick GMC,2/7/2008 7:58,118489,,2525 Allentown Rd.,,Lima,OH,45805
Mopar,Kings Chrysler Jeep Dodge,10/22/2013 13:11,,,4486 Kingswater Dr,,Cincinnati,OH,45249
Mopar,Progressive Auto Group,10/1/2010 10:56,,,7966 Hills and Dales Road,,Massillon,OH,44646
Mopar,Yark Automotive Group,10/30/2013 12:33,,,6019 W Central Ave,,Toledo,OH,43615
GM,Brad Fenton Motors,6/7/2007 10:51,116606,,320 N Commerce,F,Ardmore,OK,73401
GM,"Janzen, Inc.",6/21/2007 9:44,117683,,PO Box 989,,Enid,OK,73702
Mopar,Fowler Dodge,12/31/2013 10:02,,,55 W I 240 Service Rd,,Oklahoma City,OK,73139
Mopar,Tommy Nix Chrysler Jeep Dodge,9/12/2007 14:30,44272,,3001 South Muskogee,,Tahlequah,OK,74464
Toyota,Capitol Toyota Inc.,8/3/2007 12:01,36049,,780 Salem Industrial Way N.E.,,Salem,OR,97301
Toyota,Kendall Toyota-Scion,12/10/2007 12:07,,,373 Goodpasture Island Rd.,,Eugene,OR,97401
Toyota,Lum's Auto Center,9/14/2007 7:19,,,1605 SE Ensign Lane,,Warrenton,OR,97146
Toyota,Wilsonville Toyota,4/9/2007 7:02,36091,,9155 SW Boeckman Road,,Wilsonville,OR,97070
GM,"Capitol Chevrolet Cadillac, Inc.",2/17/2006 12:25,114392,,2855 Maple Ave NE,,Salem,OR,97301
Mopar,Dicks Country Chrysler Jeep Dodge,11/4/2013 8:02,,,767 SW Baseline St,,Hillsboro,OR,97123
Mopar,Lum's Auto Center,8/24/2007 11:39,,,1605 SE Ensign Lane,,Warrenton,OR,97146
Mopar,Northwest Jeep Chrysler Dodge,10/28/2013 12:01,,,10600 SW Canyon Rd,,Beaverton,OR,97005
Mopar,Withnell Dodge,10/14/2013 13:30,,,PO Box 3080,,Salem,OR,97302
Toyota,Fitzgerald Toyota of Chambersburg,9/22/2008 12:16,,,1436 Lincoln Way East,,Chambersburg,PA,17201
GM,#1 Cochran of Monroeville,4/13/2005 15:38,115782,,4520 William Penn Highway,,Monroeville,PA,15146
GM,"Johnson Motors, Inc.",1/27/2006 9:31,113466,,1891 Blinker Parkway,,DuBois,PA,15801
GM,Kenny Ross Chevrolet,9/29/2005 9:37,113494,,11250 Rt. 30 W.,,North Huntingdon,PA,15642
GM,Thomas Automotive Family,7/17/2006 8:55,113508,,4003 Business Rt 220 N,,Bedford,PA,15522
GM,Valley Chevrolet,11/16/2006 8:49,113947,,601 Kidder Street,,Wilkes-Barre,PA,18702
GM,Zeigler Chevrolet Inc.,7/2/2007 14:29,113439,,Route 220,,Claysburg,PA,16625
Mopar,Ron Lewis Chrysler Dodge Jeep Ram,12/20/2013 9:35,,,21145 Rt 19,,Cranberry Twp,PA,16066
Mopar,Sands Chrysler Jeep Dodge,10/11/2013 15:59,,,501 N West End Blvd,,Quakertown,PA,18951-2313
GM,Bradshaw Auto Group,9/18/2007 15:02,117529,,14000 E. Wade Hampton Blvd.,,Greer,SC,29651
GM,Capitol Chevrolet,1/25/2005 10:06,165710,,"I20 at Clemson Road, Exit 80",,Columbia,SC,29204
GM,McElveen Buick GMC,1/9/2004 11:18,116456,,P.O. Box 130,,Summerville,SC,29483
GM,Rick Hendrick Chevrolet,12/20/2005 13:53,113995,,1500 Savannah Highway,,Charleston,SC,29407
GM,Stokes-Trainor,11/21/2006 12:35,160058,,2004 Wilson Road,,Newberry,SC,29106
Mopar,Rick Hendrick Dodge,12/12/2006 11:20,,,1468 Savannah Highway,,Charleston,SC,29407
Mopar,Stateline Chrysler Jeep Dodge,10/1/2013 10:20,,,800 Gold Hill Rd,,Fort Mill,SC,29708
Toyota,Toyota of the Black Hills,9/29/2008 9:48,40016,,1920 E. Mall Drive,,Rapid City,SD,57701
Toyota,Fox Toyota,4/8/2009 11:25,41004,,228 Fox Family Lane,,Clinton,TN,37716
GM,Bill Gatton Chevrolet Cadillac Isuzu,7/15/2005 9:00,112732,,1000 West State Street,,Bristol,TN,37620
GM,Serra Chevrolet Cadillac,6/21/2007 14:47,114239,,189 Stonebridge Blvd.,,Jackson,TN,38305
Mopar,East Tennessee Dodge Chrysler Jeep,10/25/2013 11:22,,,PO Box 1247,,Crossville,TN,38557
GM,Beck and Masten North Pontiac GMC Hummer,3/2/2007 13:00,186857,,11300 FM 1960W,,Houston,TX,77065
GM,Bruce Lowrie Chevrolet,2/22/2006 12:09,112219,,711 Southwest Loop 820,,Fort Worth,TX,76134
GM,Cavender Buick GMC North,8/10/2007 12:06,118664,,17811 San Pedro,,San Antonio,TX,78232
GM,Cavender Chevrolet,2/15/2013 15:19,,,30700 Interstate 10-West,,Boerne,TX,78006
GM,Covert Buick Cadillac,10/5/2007 12:13,118653,,11750-B Research Blvd,,Austin,TX,78759
GM,"Culberson Stowers, Inc.",3/1/2005 7:36,112444,,805 N.Hobart,,Pampa,TX,79065
GM,Don Hewlett Chevrolet Buick Hummer,6/27/2007 14:22,114811,,P.O. Box 799,,Georgetown,TX,78627
GM,Gunn Pontiac GMC,7/13/2007 16:07,114916,,12526 IH 35,,San Antonio,TX,78233
GM,Herb Easley Motors Inc,6/7/2007 16:05,112271,,1125 Central Frwy,,Wichita Falls,TX,76306
GM,Jerry's GM,2/23/2006 10:31,112288,,3100 Fort Worth Highway,,Weatherford,TX,76086
GM,Jupiter Chevrolet,3/7/2006 12:53,112263,,11611 LBJ Freeway,,Garland,TX,75041
GM,Ken Batchelor Cadillac,11/16/2006 11:57,119226,,11001 IH-10 West,,San Antonio,TX,78230
GM,Leo Martin Chevrolet,5/30/2007 15:43,114862,,217 W Hwy 332,,Lake Jackson,TX,77566
GM,Mission Chevrolet,5/2/2006 9:42,167125,,1316 George Dieter,,El Paso,TX,77936
GM,Monument Chevrolet,6/7/2007 12:25,114854,,3940 Pasadena Freeway,,Pasadena,TX,77503
GM,Peters Chevrolet,7/7/2006 8:56,114265,,4181 Highway 259 North,,Longview,TX,75605
GM,"Ray Huffines Chevrolet, Inc.",5/24/2006 10:13,112318,,1001 Coit Road,,Plano,TX,75075
GM,Richard Karr Buick Pontiac GMC,4/17/2007 14:04,165932,,1101 N. Valleymills Drive,,Waco,TX,76710
GM,Ron Carter Cadillac Hummer Saab,8/9/2007 13:09,167258,,18100 Gulf Freeway,,Friendswood,TX,77546
GM,Rudolph Chevrolet,12/9/2005 11:19,112341,,5625 South Desert Blvd.,,El Paso,TX,79932
GM,Scoggin-Dickey Chevrolet Buick Hummer Saab,3/1/2006 11:36,112441,,5901 Spur 327,,Lubbock,TX,79424
GM,Sewell Village,1/18/2006 7:36,116555,,7310 Lemmon Avenue,,Dallas,TX,75209
GM,Stonebriar Chevrolet,4/20/2010 9:55,,,9950 State Hwy 121,,Frisco,TX,75035
GM,Vandergriff Chevrolet,8/21/2006 8:50,159198,,1200 W. I-20,,Arlington,TX,76017
GM,Wiesner of Conroe,5/27/2009 9:48,51031,,1645 I-45 North,,Conroe,TX,77305
Mopar,Finnegan Chrysler,12/30/2013 7:35,,,26529 Southwest Freeway,,Rosenberg,TX,77471
Mopar,Star Dodge,10/22/2013 16:09,,,5101 South 1st,,Abilene,TX,79605
Toyota,Stephen Wade Toyota,9/3/2008 13:56,,,1700 S. Hilton Dr.,,St. George,UT,84770
GM,Jerry Seiner Buick GMC,4/10/2007 7:02,118754,,957 N 400 E,,Salt Lake City,UT,84054
GM,Jerry Seiner Salt Lake City,10/12/2007 16:09,113123,,730 West 2100 South,,Salt Lake City,UT,84119
GM,John Watson Chevrolet,9/11/2007 17:01,113116,,3535 Wall Ave,,Ogden,UT,84401
GM,Larry Miller Chevrolet,5/27/2004 11:44,113114,,5500 South State Street,,Murray,UT,84107
GM,Tony Basso Auto,12/19/2007 10:29,242665,,1355 S. Carbon Ave.,,Price,UT,84501
GM,Jim McKay Chevrolet,3/31/2006 11:16,113679,,3509 University Drive,,Fairfax,VA,22030
GM,Radley Chevrolet,6/24/2005 9:45,113644,,3670 Jeff Davis Highway,,Fredericksburg,VA,22408
GM,Suttle Motor Corporation,4/20/2007 9:17,117067,,12525 Jefferson Avenue,,Newport News,VA,23602
Mopar,Fair Oaks Chrysler Jeep Dodge,10/16/2013 16:03,,,4170 Auto Park Cir,,Chantilly,VA,20151-1225
Mopar,Pomoco Chrysler Dodge Jeep Ram,1/9/2014 9:25,,,4116 W Mercury Blvd,,Hampton,VA,23666
Mopar,Pomoco Chrysler Jeep Dodge Ram Fiat,10/31/2013 16:03,,,12629 Jefferson Ave,,Newport News,VA,23602
GM,Capitol City Automart,10/2/2009 12:10,,,1162 Route 2,,Berlin,VT,5602
GM,Springfield Auto Mart,7/1/2008 16:05,160005,,431 River St,,North Springfield,VT,5150
Toyota,Town Toyota,6/11/2008 8:07,46080,,500 3rd St. SE,,East Wenatchee,WA,98802
Toyota,Toyota of Lake City,10/11/2007 8:15,46094,,13355 Lake City Way NE,,Seattle,WA,98125
Toyota,Wilder Toyota-Scion,5/6/2008 7:43,,,95 Deer Park Road,,Port Angeles,WA,98362
GM,Becker Buick GMC,9/26/2005 12:41,118742,,636 E. Sprague Avenue,,Spokane,WA,99202
GM,Burien Chevrolet,5/12/2006 12:07,210266,,14400 1st Avenue South,,Burien,WA,98168
GM,Chaplins North Bend Chevrolet,10/11/2005 10:02,165959,,106 Main AVE North,,North Bend,WA,98045
GM,Chevrolet Buick GMC Cadillac of Bellingham,9/27/2007 13:24,114467,,3891 Northwest Rd.,,Bellingham,WA,98226
GM,Chevrolet/Hummer of Bellevue,9/28/2007 14:36,234225,,430 116th Ave NE,,Bellevue,WA,98004
GM,Doug's Northwest Cadillac-Hummer,10/5/2007 11:16,186788,,17545 Aurora Ave. North,,Shoreline,WA,98133
GM,Jerry Smith Chevrolet-Buick,9/6/2007 13:45,114463,,12484 Reservation Rd.,,Anacortes,WA,98221
GM,Jet Chevrolet,6/2/2008 11:58,519460,,po bx 4986,,Federal Way,WA,98063
GM,Kirkland Automotive,10/4/2007 13:10,225875,,12335 120th Ave. NE,,Kirkland,WA,98034
GM,Lee Johnson Chevrolet,4/20/2007 9:30,114482,,11845 NE 85th Street,,Kirkland,WA,98033
GM,Speedway Chevrolet,3/2/2007 8:46,168371,,16957 164th Street SE,,Monroe,WA,98272
GM,Valley Buick GMC,12/14/2007 12:41,116736,,3104 Auburn Way N.,,Auburn,WA,98002
Mopar,Wilder Jeep,5/6/2008 7:51,24159,,97 Deer Park Rd.,,Port Angeles,WA,98362
Toyota,Rhinelander Toyota,12/12/2007 14:55,48056,,1911 N. Stevens St.,,Rhinelander,WI,54501
GM,Nels Gunderson Chevrolet Inc.,4/28/2008 13:07,132665,,50859 Spruce Rd.,,Osseo,WI,54758
GM,Pietroske Inc.,2/29/2008 7:20,118566,,4000 Grand Avenue,,Manitowoc,WI,54220
Mopar,Eau Claire Chrysler Dodge Jeep Ram,10/16/2013 7:16,,,3100 Mall Dr,,Eau Claire,WI,54701
Mopar,Gandrud Dodge Chrysler Jeep,12/19/2013 13:28,,,2300 Auto Plaza Way,,Green Bay,WI,54302
Mopar,Luther Hudson Chrysler,10/29/2013 13:50,,,1200 Carmichael Rd.,,Hudson,WI,54016
GM,"Harry Green Chevrolet, Inc.",5/16/2006 8:18,513172,,PO Box 1527,,Clarksburg,WV,26302
GM,Teton Motors,4/20/2007 15:14,113164,,P.O. BOX 1824,,Jackson,WY,83001
GM,White's Frontier Motors,2/7/2007 10:44,200252,,444 Skyline Drive,,Gillette,WY,82718
